post_id,post_title,comment_id,comment_depth,parent_comment_id,comment_text,grounding_label,difficult_case_notes
ocx94s,AITA for telling my wife the lock on my daughter's door does not get removed til my brother inlaw and his daughters are out of our house?,h3wyfzq,0,,"NTA. Don't back down. You are the only one sticking up for Zoey. If her cousins want to use expensive makeup, give them your wife's. I guarantee she won't appreciate sharing anymore.

They need to start behaving like appreciative guests.",Partially Grounded,"Borderline case: the evidence-based core remains, but part of the reasoning goes beyond the facts established in the post."
ocx94s,AITA for telling my wife the lock on my daughter's door does not get removed til my brother inlaw and his daughters are out of our house?,h3wz5w4,1,h3wyfzq,"I love this idea. NTA OP - you have your daughters back and totally get her need for privacy and autonomy over her stuff. I’m disgusted that her own mother isn’t more supportive. Please lend some mothers makeup to the twins, because obviously it’s what girls do, isn’t it? They love to borrow and use each other’s stuff. Without asking. Not.",Grounded,
ocx94s,AITA for telling my wife the lock on my daughter's door does not get removed til my brother inlaw and his daughters are out of our house?,h3x5flo,2,h3wz5w4,"Bonus if OP goes into Sammy's room to borrow things without asking. Underwear, an expensive watch or something. Returning it with visible wear and tear. Nutella would be my friend for his favorite pants.",Not Assessable,"Primarily a reaction, agreement, question, joke, or anecdote; there is not enough case-directed reasoning to assign a grounding level."
ocx94s,AITA for telling my wife the lock on my daughter's door does not get removed til my brother inlaw and his daughters are out of our house?,h3x8u0f,2,h3wz5w4,"My sister would do this all the time when we were teenagers and my parents always told me to work it out ourselves. I felt helpless to do anything because I couldn't always be there to stop her and it was infuriating. My dad got me a lock and it really made me feel like he recognized my frustrations and supported me. This dude is doing a great service to his daughter. A teen needs privacy and security, especially when they've felt powerless in their own home.",Grounded,
ocx94s,AITA for telling my wife the lock on my daughter's door does not get removed til my brother inlaw and his daughters are out of our house?,h3xcp6c,2,h3wz5w4,"This. It also bothers me that Sammy dared to call Zoey ""defective"" when his kids are taking and ruining other people's property.

I have friends that I'm so close to, we will go to each other's gyno appointments to give support if need be. No way in h*ll am I messing with their makeup without permission. My closest friends are twins, and they don't even mess with each other's makeup without asking.",Grounded,
ocx94s,AITA for telling my wife the lock on my daughter's door does not get removed til my brother inlaw and his daughters are out of our house?,h3xg0hw,2,h3wz5w4,"Plus sharing makeup is so unsanitary. That goes on my face, I don’t want someone else also using it on theirs. So gross. Plus if the colors were mixed she was definitely double dipping. I think cousins owe her at least a new makeup pallet. NTA",Partially Grounded,"Borderline case: the main point is supported by the conversation chain, but part of the reasoning extends beyond what the parent context establishes."
ocx94s,AITA for telling my wife the lock on my daughter's door does not get removed til my brother inlaw and his daughters are out of our house?,h3x8v6z,2,h3wz5w4,The mother probably doesn’t want to stress out the the twin father after the divorce and the husband doesn’t want another family living with them for 10 months,Speculative,"The main conclusion depends on an unsupported case-specific assumption, motive, or prediction; removing that assumption makes the argument largely collapse."
ocx94s,AITA for telling my wife the lock on my daughter's door does not get removed til my brother inlaw and his daughters are out of our house?,h3x48ia,1,h3wyfzq,"You know I probably shouldn't be saying this but my wife has been acting like a hypocrite latey. Especially regarding privacy issues. She considers privacy something very important but still thought that Zoey did not have the right to get a lock - Even if we leave her cousins out of this matter. My wife is not agreeing with the whole concept of getting a lock for Zoey. I explained to her what's been happenning, Even told her that Zoey has been moving some of her valuable belongings into a friend's house to keep them safe, do I blame her? Absolutely not. But my wife still thought Zoey was wrong to do that.
Now her cousine are upset and they and Sammy are using the silent treatment (among other things like eating without us or not sitting with us) as a guilt tactic. Even though it's not affecting me, it's making Zoey feel like she did something wrong by having a lock for her room.",Grounded,
ocx94s,AITA for telling my wife the lock on my daughter's door does not get removed til my brother inlaw and his daughters are out of our house?,h3x501c,2,h3x48ia,"WTF dang these people are entitled AF. 

I'd kick them all out for creating a hostile and uncomfortable situation IN MY OWN HOME.",Grounded,
ocx94s,AITA for telling my wife the lock on my daughter's door does not get removed til my brother inlaw and his daughters are out of our house?,h3x5e7m,2,h3x48ia,"They're now using emotional abuse to punish your daughter and you for enforcing her boundaries. Remind your daughter that she is in the right, and that in enforcing her personal boundaries, she's got nothing to lose except bad relationships.",Partially Grounded,"Borderline case: the main point is supported by the conversation chain, but part of the reasoning extends beyond what the parent context establishes."
ocx94s,AITA for telling my wife the lock on my daughter's door does not get removed til my brother inlaw and his daughters are out of our house?,h3x5dzn,2,h3x48ia,Op you are NTA and you're being a really good Dad here. When Zoey is an adult and gets to choose what kind of relationship she has with her parents- she's going to remember her Dad taking her feelings seriously and protecting her.,Partially Grounded,"Borderline case: the main point is supported by the conversation chain, but part of the reasoning extends beyond what the parent context establishes."
ocx94s,AITA for telling my wife the lock on my daughter's door does not get removed til my brother inlaw and his daughters are out of our house?,h3x6qtq,2,h3x48ia,"16 is still young and is a minor who's likely to be at home for another 2-3 years depending on when how old they are during senior year. 

18 can move out and start being completely independent. I think it's telling that two 18 year olds moved with their dad instead of staying with mom where they grew up. 

Do the 3 of them have jobs? Do they have a timeline of when to be out by? To save money? Are the twins going to college in the fall? 

I hate to say it but if I were in your shoes I'd be worried that they have now moved in for a good, long time unless you become a firm boundary, line in the sand person. Like saying ""this needs to be dealt with"", and demand your wife go to couples therapy - with only you, or family therapy with only you and your daughter. No extended family, so that you can work through immediate family issues, like why your wife suddenly went from valuing privacy to thinking your daughter doesn’t deserve boundaries and it's ok to make your daughter feel like she doesn't matter. 

The biggest issue is following through on whatever consequence you place out if your wife isn't willing to change, if it's that you and your daughter get an apartment, or that you kick out the in law's, or that you threaten divorce. Don't say a consequence that you won't follow through on, or they'll just get 1000 times worse bc they know you won't act on your threat/ you're bluffing. 

And silent treatment is a go to of an abusive relationship, Zoey feeling guilty to apologize for something that a. *Isn't wrong* and b. *Is protecting herself* is *exactly* what they want. They want an apology for your daughter valuing herself. Please don't let her. This is early conditioning of manipulation which easily leads her to become an easier target for toxic and/or abusive relationships.",Partially Grounded,"Grounded core, but the specific legal conclusion or outcome goes beyond what the thread establishes and may depend on missing facts or jurisdiction."
ocx94s,AITA for telling my wife the lock on my daughter's door does not get removed til my brother inlaw and his daughters are out of our house?,h3x58tz,2,h3x48ia,"If nobody wants to eat with you and Zooey, maybe you should start eating out without them. But really, it's time to start encouraging your asshole brother in law to make other arrangements. NTA",Grounded,
ocx94s,AITA for telling my wife the lock on my daughter's door does not get removed til my brother inlaw and his daughters are out of our house?,h3x52cx,2,h3x48ia,"If thats how they act towards your daughter for not wanting all her stuff stolen, they should go, it has been long enough.",Grounded,
ocx94s,AITA for telling my wife the lock on my daughter's door does not get removed til my brother inlaw and his daughters are out of our house?,h3x593h,2,h3x48ia,At this point I'd be outright telling your BIL and nieces it's time to start respecting YOUR FAMILY in YOUR HOUSE or they have to leave.,Grounded,
ocx94s,AITA for telling my wife the lock on my daughter's door does not get removed til my brother inlaw and his daughters are out of our house?,h3x5z4l,2,h3x48ia,"Honestly, you should say this because in reality you have a wife problem and her actions nows can have long tearm impact on her relationship with Zoe. You guys aren't providing a united front on house rules. Your wife js dismissive of your daughters items and privacy in a way she wouldn't be with her own. She's the one letting the house guest manipulate the situation like there doing you a favor by teaching you lessons on sharing everything you own? The silent treatment really? Have you checked your bank accounts? Your housing them (alough the house didn't come with an extra wardrobe and makeup supplies to experiment with). This is a wife problem.  Nex",Partially Grounded,"Grounded core, but it adds a prediction or extrapolation that is not directly established by the available context."
ocx94s,AITA for telling my wife the lock on my daughter's door does not get removed til my brother inlaw and his daughters are out of our house?,h3x59f4,2,h3x48ia,"Doing what's right is often the hardest thing. Keep at it. 

Also, it may have been said elsewhere but sharing makeup, especially eye make up is a big no no. It can lead to infections or warts so that should be shut down immediately even between the sisters.",Grounded,
ocx94s,AITA for telling my wife the lock on my daughter's door does not get removed til my brother inlaw and his daughters are out of our house?,h3x5b9q,2,h3x48ia,It’s time to kick them out. They have no right to dictate ANYTHING in your home. If they want to use guilt and manipulation tactics they can do it in a hotel.,Grounded,
ocx94s,AITA for telling my wife the lock on my daughter's door does not get removed til my brother inlaw and his daughters are out of our house?,h3x5qs2,2,h3x48ia,"If they are eating w/o you, are they buying their own food?  Or your food?  Coz I'd sit down and set some limits on what these freeloaders should be funding to live in your home.  Hey, everyone shares, right?  Dang, I think I'd sit right down and grab a plate and start eating whatever they made.  This is ridiculous, OP, I hate it for you.  You are being SO used  :(",Partially Grounded,"Borderline case: the main point is supported by the conversation chain, but part of the reasoning extends beyond what the parent context establishes."
ocx94s,AITA for telling my wife the lock on my daughter's door does not get removed til my brother inlaw and his daughters are out of our house?,h3x6jfm,2,h3x48ia,Tell your enabling wife and BiL that borrowing stuff requires asking permission first. Simply walking in and taking is theft. Then walk in to their room and permanently borrow the $60 to buy your daughter a replacement set of makeup. Give the ruined set to the cousins.,Grounded,
ocx94s,AITA for telling my wife the lock on my daughter's door does not get removed til my brother inlaw and his daughters are out of our house?,h3x5lp3,2,h3x48ia,How dare they guilt trip a 16 year old for wanting to keep her own property safe. One is 18 which means she's legally an adult too!,Grounded,
ocx94s,AITA for telling my wife the lock on my daughter's door does not get removed til my brother inlaw and his daughters are out of our house?,h3x5f0j,2,h3x48ia,"Absolutely NTA and to tag on this to make sure you see it. Tell your wife and nieces that sharing make-up is unhealthy. It can give rashes, develope exhema, if they swap eyemake-up as well it can cause pink-eye and other nasty infections. So it's also a healthrisk to share make-up as well as the plain rudeness of taking stuff without permission.",Grounded,
ocx94s,AITA for telling my wife the lock on my daughter's door does not get removed til my brother inlaw and his daughters are out of our house?,h3x6px7,2,h3x48ia,"Her cousins are ADULTS.  They're 18. They're old enough to know better.  There are very real consequences for adults who do shit like this.  What are they going to do when they move out into their own apartment with a roommate and the roommate doesn't put up with that sh--?  It sounds like you're teaching not one, but two lessons.  You're teaching your daughter that her space and privacy is valued and disrespecting it won't be tolerated, and you're teaching her cousins that you cannot get away with taking things without people's permission (something that, clearly, they're own parents havent taught them.) 

Odd question: how does _their_ mom feel about this behavior?

Editing for judgement: NTA",Partially Grounded,"Borderline case: the main point is supported by the conversation chain, but part of the reasoning extends beyond what the parent context establishes."
ocx94s,AITA for telling my wife the lock on my daughter's door does not get removed til my brother inlaw and his daughters are out of our house?,h3x7kvi,2,h3x48ia,"NTA! You are in the right! Also 60$ makeup is VERY different from 15$ makeup from Walmart. Not even compatible quality. She’s making an investment in quality items. And even if it was 15$ makeup, it would still be her property that they are stealing which is NOT right. Your daughter should be able to keep her things safe. Also, they aren’t borrowing, they are outright stealing. To borrow, you have to ask for permission! Don’t back down. Someone needs to be on your daughters side. Please don’t let her down.",Grounded,
ocx94s,AITA for telling my wife the lock on my daughter's door does not get removed til my brother inlaw and his daughters are out of our house?,h3x6ozm,2,h3x48ia,"I’d be telling Sammy and the entitled twins that if they don’t like the house rules, they are more than welcome to go somewhere else. Oh that’s right, no one else will take them. 


I’d also let your wife know she’s welcome to go with them if she doesn’t stop being a hypocritical cow",Grounded,
ocx94s,AITA for telling my wife the lock on my daughter's door does not get removed til my brother inlaw and his daughters are out of our house?,h3x7f5v,2,h3x48ia,Why is your wife valuing the comfort of her nieces over that of her own daughter? And that comment her brother made about your daughter having a defect... What in the holy fuck of a thing to say to someone who housed you after going homeless??,Grounded,
ocx94s,AITA for telling my wife the lock on my daughter's door does not get removed til my brother inlaw and his daughters are out of our house?,h3x681g,2,h3x48ia,"NTA....and this is crazy. These people, who you generously have allowed to live in your home, are sticking their nose into your parenting and acting in a deeply disrespectful way toward you and your daughter--making your home an uncomfortable place for you and daughter. And you wife is enabling them and not supporting her own family. What is the exit plan here for her brother? When he came to live with you 10 months ago, was there any talk about how long he would be staying? Because it sounds like he has overstayed his welcome. I think it is time to have a serious talk with your wife about your feelings on this. If she dismisses you, then I'm not sure what you can do....unless you are prepared to move out with your daughter until wife's brother is gone.",Partially Grounded,"Grounded core, but it adds a prediction or extrapolation that is not directly established by the available context."
ocx94s,AITA for telling my wife the lock on my daughter's door does not get removed til my brother inlaw and his daughters are out of our house?,h3x8vav,2,h3x48ia,"Tell your wife that teaching and providing boundaries and privacy for your daughter now will give her a healthy baseline for the rest of her life. No joke, this is one of the most important things you will ever teach your daughter.

Instead, Zoey's basically being taught that stealing from her is fine, she doesn't deserve to have anything of her own, people can barge in on her without her consent, and standing up for herself results in punishments. What if she has a toxic roommate or significant other someday? She won't be able to see mistreatment because that will be her normal.

The lock is giving Zoey protection and control over her own life. Keep the lock.",Partially Grounded,"Grounded core, but it adds a prediction or extrapolation that is not directly established by the available context."
ocx94s,AITA for telling my wife the lock on my daughter's door does not get removed til my brother inlaw and his daughters are out of our house?,h3x8ar8,2,h3x48ia,"Remind your wife too, that her behavior is abusive towards your daughter.  Removing her emotional support from her own child is abuse  as well, especially when it is punishment for voicing her concerns about her privacy and her belongings.",Partially Grounded,"Borderline case: the main point is supported by the conversation chain, but part of the reasoning extends beyond what the parent context establishes."
ocx94s,AITA for telling my wife the lock on my daughter's door does not get removed til my brother inlaw and his daughters are out of our house?,h3x6j1f,2,h3x48ia,"Your wife and BIL are absolutely in the wrong here.  There is something to be said about kids of a similar age borrowing things from each other.  However, a key part of borrowing another person's belongings is asking that person for permission and if it is okay to use their things.  At no point in this post did I see that the cousins were doing that.  They were just taking her stuff to use as their own.  That isn't borrowing anymore.  That is stealing.  It doesn't matter if they return it later, if they did not have permission from the owner, it is theft.",Grounded,
ocx94s,AITA for telling my wife the lock on my daughter's door does not get removed til my brother inlaw and his daughters are out of our house?,h3x8iqe,2,h3x48ia,"Zoey doesn't feel safe in her own house, your wife needs to realise that. If she wants the lock gone she needs to make sure Zoey can feel safe. And we know what that means. NTA

Zoey is 16 she's a human being with autonomy, not a toy for her cousins to play with as they wish. If she wants to hang out with them she can open the lock. Otherwise all they're missing is the chance to force themselves on her.

edit: Spelled ""lock"" ""look"". Fixed it.",Partially Grounded,"Borderline case: the main point is supported by the conversation chain, but part of the reasoning extends beyond what the parent context establishes."
ocx94s,AITA for telling my wife the lock on my daughter's door does not get removed til my brother inlaw and his daughters are out of our house?,h3x8aag,2,h3x48ia,"&gt;I explained to her what's been happenning, Even told her that Zoey has been moving some of her valuable belongings into a friend's how to keep them safe, do I blame her? Absolutely not. But my wife still thought Zoey was wrong to do that.

uh yeah Zoey isn't wrong to do that, she's just learnt the only lesson there is to learn from how her cousins are stealing from her and her mother and uncle are ok with that.

It is amazing to me that your wife hears that and doesn't stop to consider for even a moment  'am I in the wrong?' or 'ok maybe how I think things should be doesn't work for my daughter' or the even more important 'oh wow Zoey might really learn to hate her cousins and uncle over this!' Very self absorbed of your wife.

So yeah NTA for you and the silent treatment from her cousins and uncle doesn't sound like much of a punishment for Zoey. Sure beats them constantly stealing from her.",Partially Grounded,"Grounded core, but it adds a prediction or extrapolation that is not directly established by the available context."
ocx94s,AITA for telling my wife the lock on my daughter's door does not get removed til my brother inlaw and his daughters are out of our house?,h3x89nz,2,h3x48ia,"Let them be silent. Have Zoey mirror you walking right past them. I was a teenage girl and I've raised a family, and you must show your daughter that it's not her responsibility to bear others injustice against her. Zoey is her own person, not an extention of your wife and if she doesn't receive the respect she deserves in her own home, this will set up a lifetime of her subjugation to others if they are 'mean' to her in any capacity. You wanna watch this happen to her at college and in the corporate world? Of course not. Respect is earned and I'm embarrassed that her mother isn't standing up for her too. It's very sexist of her and her brother to hand you, ""teenage girls share things"". Bullshit! Walk right past them like they're not there. Gaslighting you both is cruel.",Partially Grounded,"Grounded core, but it adds a prediction or extrapolation that is not directly established by the available context."
ocx94s,AITA for telling my wife the lock on my daughter's door does not get removed til my brother inlaw and his daughters are out of our house?,h3x62na,2,h3x48ia,Your wife wants you to placate people who are treating you and your daughter as second class citizens in your own home. Has her FOO always come before you two?,Grounded,
ocx94s,AITA for telling my wife the lock on my daughter's door does not get removed til my brother inlaw and his daughters are out of our house?,h3x7re3,2,h3x48ia,"Why are these people still in your house? Your BIL cannot afford his own house and yet criticizes your parenting and tries to get around rules you have made in your own home. Your nieces are stealing and making your duaghter miserable in her own home.

Why are your nieces feeling prioritized in your home over your daughter?

Tell Sam if he doesn't like your rules in your house to find somewhere else to live.",Grounded,
ocx94s,AITA for telling my wife the lock on my daughter's door does not get removed til my brother inlaw and his daughters are out of our house?,h3x7dyn,2,h3x48ia,"These girls are 18? And are pissed that they can’t steal from their minor cousin anymore. 
I’d ask them not so kindly to gtfo your house if they cannot muster even the minimum of respect for your home and belongings",Grounded,
ocx94s,AITA for telling my wife the lock on my daughter's door does not get removed til my brother inlaw and his daughters are out of our house?,h3x60vs,1,h3wyfzq,"“Your daughters don’t need to be using expensive adult makeup… that they stole, not borrowed.  Teach them some manners.”",Grounded,
ocx94s,AITA for telling my wife the lock on my daughter's door does not get removed til my brother inlaw and his daughters are out of our house?,h3x6q6m,1,h3wyfzq,For all of us please don’t back down. The asshole move is redirecting b.s. which is what sammie and his daughters are doing. Even blood sisters beat each other over going through one another’s stuff,Grounded,
ocx94s,AITA for telling my wife the lock on my daughter's door does not get removed til my brother inlaw and his daughters are out of our house?,h3wyf27,0,,"NTA. Your wife harbors someone who tells you that Zoey has a ""defect"" in her personality for buying an expensive make up kit,  that's the kind of thing that has people thinking about divorce.",Grounded,
ocx94s,AITA for telling my wife the lock on my daughter's door does not get removed til my brother inlaw and his daughters are out of our house?,h3x6gdo,1,h3wyf27,"Exactly!  As a mother myself I cannot fathom how any mother would let someone treat their child like that, even if it is family. That would have bought them a one way ticket right out my front door. If your kid can't count on you to protect them,  who can they count on? NTA",Grounded,
ocx94s,AITA for telling my wife the lock on my daughter's door does not get removed til my brother inlaw and his daughters are out of our house?,h3xchim,2,h3x6gdo,"As a parent I know I can't stop the world from saying bad things about my children. It breaks my heart but to a certain extent you have to allow it to happen so they learn how to overcome it without being destroyed. 

But the idea of not only giving that person a home but defending them then *attacking* the character of the only person on their side is appalling me. Mom gets no slack cut from me on this one. She should be ashamed of herself. Good on OP.

NTA",Grounded,
ocx94s,AITA for telling my wife the lock on my daughter's door does not get removed til my brother inlaw and his daughters are out of our house?,h3xetkj,2,h3x6gdo,"Honestly I can understand why the wife would act that way. (Not that I agree condone it.)

My guess is the wife comes from an abusive (mentally) family where she doesn't value her own worth. It's likely the family is misogynistic, where women are to put their needs aside for the men. This would make a lot of sense given how she's devaluing her own daughter.

Family upbringing band bonds can really mess with a person, and that's clearly what's happening here.",Speculative,"The main conclusion depends on an unsupported case-specific assumption, motive, or prediction; removing that assumption makes the argument largely collapse."
ocx94s,AITA for telling my wife the lock on my daughter's door does not get removed til my brother inlaw and his daughters are out of our house?,h3x8l2j,1,h3wyf27,"Exactly. OP has one job, and that's to protect his daughter. Everyone else in this situation is an adult or has someone else protecting them. If she doesn't feel dafe in her own home, OP has a right and responsibility to get her out of that situation. I wouldn't go straight for divorce, here, but it would be a wake up call for everyone involved if OP and his daughter moved out of the house for a little while. He can change rent if money is an issue, but either way, his first priority needs to be getting her out of that situation.

Of course, the ideal would be getting the brother to move out, but it sounds like that's not the real issue anymore - this fight will continue long after the brother is gone. It's about trust, now. OP can't trust his wife to keep his daughter safe, and that's not going to change if the brother and his kids are no longer a threat. There will be other threats.",Grounded,
ocx94s,AITA for telling my wife the lock on my daughter's door does not get removed til my brother inlaw and his daughters are out of our house?,h3xao10,1,h3wyf27,"Quite frankly, as far as makeup goes, Mac isn't even close to the most expensive. It's actually a really great brand for someone who's in their teens and looking to move past drug store brands. My first higher brand makeup kit was from Mac that my mom got me when I was like 13/14.",Grounded,
ocx94s,AITA for telling my wife the lock on my daughter's door does not get removed til my brother inlaw and his daughters are out of our house?,h3xh04k,2,h3xao10,"Not even just that, but the expensive brands are so much more gentle on skin. As someone with overly sensitive skin, I can only use expensive brands or I risk an allergic reaction, so I really see the value in splurging.",Grounded,
ocx94s,AITA for telling my wife the lock on my daughter's door does not get removed til my brother inlaw and his daughters are out of our house?,h3x9mqz,1,h3wyf27,"It totally baffles me how some families allow certain types of behaviour amongst themselves. How OP's wife tolerates her brother talking about her daughter like that or talking to her husband like that in HIS house! 

OP is offering a huge favour and service to this BIL, something other close family don't seem willing to do and yet he has the audacity to talk that way about him or his daughter...I don't understand sooo many people anymore, entitled assholes is a basic description for them. 

A child's room in their parent's house is THEIR safe space, it should be sacred and a place they know they can create their own boundaries, having a parent shit on that for the sake of her brother's feelings is depressing, this girl will grow to know mommy doesn't have her back or care about her feelings...at least Daddy (OP) has some common sense in this regard, fair play to that guy.

Edit: spelling correction",Grounded,
ocx94s,AITA for telling my wife the lock on my daughter's door does not get removed til my brother inlaw and his daughters are out of our house?,h3x98pt,1,h3wyf27,Yeah I would see red with this comment! It's defective to steal- stealing falls under deviance.,Grounded,
ocx94s,AITA for telling my wife the lock on my daughter's door does not get removed til my brother inlaw and his daughters are out of our house?,h3xaaaj,1,h3wyf27,"Agreed. OP's wife needs to reconsider her priorities, fast. If I were in OP's position, I would kick Sammy &amp; the daughters out (and have a long talk with the wife), or failing that, move out with Zoey. 

She needs to be somewhere she feels safe, protected, and not like she's going to be shunned or have her privacy violated at any moment.",Grounded,
ocx94s,AITA for telling my wife the lock on my daughter's door does not get removed til my brother inlaw and his daughters are out of our house?,h3wy7le,0,,"NTA

Your daughter doesn’t feel like she has any privacy or respect in her own home and you gave her a lock to give her back her privacy. You tried talking to your wife, your BiL and your nieces and that got you nowhere - if your daughter has to accept 3 additional adults living in her home, they need to accept her very reasonable boundaries of not taking and ruining her things. 

Good for you showing your daughter you respect and support her.",Grounded,
ocx94s,AITA for telling my wife the lock on my daughter's door does not get removed til my brother inlaw and his daughters are out of our house?,h3x4214,1,h3wy7le,They are 18; this is 100% vindictive. Mixing and destroying a new palette and leaving it on Zoey’s BED screams of malice.,Speculative,"The main conclusion depends on an unsupported case-specific assumption, motive, or prediction; removing that assumption makes the argument largely collapse."
ocx94s,AITA for telling my wife the lock on my daughter's door does not get removed til my brother inlaw and his daughters are out of our house?,h3x4nxv,2,h3x4214,"Oh, 100% agreed. Plus, it’s disgusting - do NOT share eye makeup with other people! Gah! Bet they are also using the same brushes, not cleaning them - gross. It’s not just about taking something Zoey saved up for and destroying it, they could have given Zooey an eye infection.",Partially Grounded,"Borderline case: the main point is supported by the conversation chain, but part of the reasoning extends beyond what the parent context establishes."
ocx94s,AITA for telling my wife the lock on my daughter's door does not get removed til my brother inlaw and his daughters are out of our house?,h3x4xz2,2,h3x4214,They’re probably jealous and acting out methinks,Speculative,"The main conclusion depends on an unsupported case-specific assumption, motive, or prediction; removing that assumption makes the argument largely collapse."
ocx94s,AITA for telling my wife the lock on my daughter's door does not get removed til my brother inlaw and his daughters are out of our house?,h3x9nn1,2,h3x4214,Seriously I was just thinking that this sounds like low key bullying. Just enough bullying that the “adults” don’t notice. The fact that your wife is going along with it it awful.,Partially Grounded,"Borderline case: the main point is supported by the conversation chain, but part of the reasoning extends beyond what the parent context establishes."
ocx94s,AITA for telling my wife the lock on my daughter's door does not get removed til my brother inlaw and his daughters are out of our house?,h3x82if,2,h3x4214,I hadn’t thought of that. Wow! I can totally see this now. And they are 18! Adults who should and probably do know better!,Not Assessable,"Primarily a reaction, agreement, question, joke, or anecdote; there is not enough case-directed reasoning to assign a grounding level."
ocx94s,AITA for telling my wife the lock on my daughter's door does not get removed til my brother inlaw and his daughters are out of our house?,h3wyznp,0,,"NTA

&gt;my daughters aren't thieves!!! it's normal that girls of the same age borrow each others stuff""

His daughthers are in fact thieves because there's a thin line in between stealing and borrowing and that is our bestie CONSENT.

His daughters don't ask yours for permission on whether they can take something from her or not. They help themselves into her room, into her cabinets/closet, take whatever they feel entilted to, use it however they want even if they drestroy it and then IF SO your daughter might see the object they stole from her again.

You are being an amazing parent and Zoey will forever be grateful for having her back the way a parent should. Whereas, your wife... I don't know if it's the fact that those are her brother's daughters or if she just doesn't care about people getting through her daguther at whatever cost just to steal her property and damage it.

^(Also, funny how it went from ""my daughters aren't thieves"" to ""my daughters just wanted to spend time with yours and now they aren't allowed to do so :("".)",Partially Grounded,"Grounded core, but it adds an unsupported inference about a person's motive, character, or likely behavior."
ocx94s,AITA for telling my wife the lock on my daughter's door does not get removed til my brother inlaw and his daughters are out of our house?,h3x5qie,1,h3wyznp,They’re not thieves; they’re beyond thieves. They’re locusts. Helping themselves to whatever they can grab and not an ounce of gratitude.,Grounded,
ocx94s,AITA for telling my wife the lock on my daughter's door does not get removed til my brother inlaw and his daughters are out of our house?,h3x6s5o,2,h3x5qie,Thieving locusts perhaps?,Not Assessable,Too little substantive reasoning is provided to evaluate evidence grounding.
ocx94s,AITA for telling my wife the lock on my daughter's door does not get removed til my brother inlaw and his daughters are out of our house?,h3x8pqw,1,h3wyznp,"And the major difference is THEY ARE ADULTS. Zoey is a MINOR.  So this could be classified as abuse on a minor. I don't know what the laws are in Quebec if that is where you are, but I would investigate this OP!  u/OnlyInQuebec9",Partially Grounded,"Grounded core, but the specific legal conclusion or outcome goes beyond what the thread establishes and may depend on missing facts or jurisdiction."
ocx94s,AITA for telling my wife the lock on my daughter's door does not get removed til my brother inlaw and his daughters are out of our house?,h3xfv5p,1,h3wyznp,I have no patience for people like this.  I flat out would have told their parents “Borrowing without permission is theft.  Your daughters are thieves.  Locks are used to protect against thieves.  The lock stays.”,Grounded,
ocx94s,AITA for telling my wife the lock on my daughter's door does not get removed til my brother inlaw and his daughters are out of our house?,h3xaexv,1,h3wysc4,"Plus, it's super unhygienic!",Grounded,
ocx94s,AITA for telling my wife the lock on my daughter's door does not get removed til my brother inlaw and his daughters are out of our house?,h3xcpzj,1,h3wysc4,"This! Who gives a flying duck about her and her cousins relationship or OP's with BIL? rn it's pretty damn toxic and not one any parent should be encouraging any child to put up with. His wife is a whole different and terrible mess.... like yikes.  

OP's only relationship worth salvaging and protecting is his daughter's. She'll always remember dad had her back when no one else did and that's HUGE. It's the single most important one right now and OP chose right, just needs to stick to it!",Partially Grounded,"Borderline case: the main point is supported by the conversation chain, but part of the reasoning extends beyond what the parent context establishes."
ocx94s,AITA for telling my wife the lock on my daughter's door does not get removed til my brother inlaw and his daughters are out of our house?,h3x0vor,1,h3wzvps,"Step one should be Sammy needs to GTFO, if people don't have space for all of them, maybe the kids can stay but now that he's talking shit about you and your kid, it's time for him to leave.",Grounded,
ocx94s,AITA for telling my wife the lock on my daughter's door does not get removed til my brother inlaw and his daughters are out of our house?,h3wz8wa,0,,"""I let Sammy and his family move in which's something her OWN family refused to do""

I think you need to think ahead with this situation. You are your daughter are already uncomfortable in your own home. Your wife is upset. You need to do what is right for your immediate family before it puts even more strain on your relationship.

I think you need to get them to leave before it gets worse. It doesnt take much imagination to see how it could.

How uncomfortable do you have to be in your own home before something snaps? This is not a tenable situation. You have a right to feel safe /comfortable in your own home and anyone that militates against that is playing a dangerous game.",Partially Grounded,"Borderline case: the evidence-based core remains, but part of the reasoning goes beyond the facts established in the post."
ocx94s,AITA for telling my wife the lock on my daughter's door does not get removed til my brother inlaw and his daughters are out of our house?,h3xbi6q,1,h3wz8wa,This is probably the best advice. I wouldn’t let people like this stay in my home. His daughter is gonna appreciate him when she is older.,Partially Grounded,"Grounded core, but it adds a prediction or extrapolation that is not directly established by the available context."
ocx94s,AITA for telling my wife the lock on my daughter's door does not get removed til my brother inlaw and his daughters are out of our house?,h3xpxxj,2,h3xbi6q,"If someone referred to my daughter’s personality as defective, they’d be out the door within the hour.

Book a best western or AirBnB and don’t come back.",Grounded,
ocx94s,AITA for telling my wife the lock on my daughter's door does not get removed til my brother inlaw and his daughters are out of our house?,h3xd7vb,1,h3wz8wa,"Anyone who steals and then doubles down and says the problem is a ""defect"" in the host's daughter and then says that protecting the host's daughter is a relationship ruiner 💯 NEEDS to and should be evicted. Disgusting behavior.",Grounded,
ocx94s,AITA for telling my wife the lock on my daughter's door does not get removed til my brother inlaw and his daughters are out of our house?,h3xd2bt,1,h3wz8wa,Yes get them out. Set a 2 month window or whatever it is.,Grounded,
ocx94s,AITA for telling my wife the lock on my daughter's door does not get removed til my brother inlaw and his daughters are out of our house?,h3wykp4,0,,"NTA. 
Normal behaviour is asking to borrow stuff and respecting a persons decision if they say no.
You don't walk into other people's rooms without permission, 'borrowing' without asking is Stealing. 

And good on you for standing by your daughter. She needs her privacy and also needs a sense of ownership, her belongings are hers and those girls don't respect that.",Grounded,
ocx94s,AITA for telling my wife the lock on my daughter's door does not get removed til my brother inlaw and his daughters are out of our house?,h3wy90s,0,,"NTA

Sammy sounds like he is spoiling his daughters and justifying their actions by blaming the victim (Zoey). Kicking them out may be a good idea at this point.",Grounded,
ocx94s,AITA for telling my wife the lock on my daughter's door does not get removed til my brother inlaw and his daughters are out of our house?,h3x54dj,1,h3wy90s,"Not even spoiling his daughters. Spoiling means Sammy would buy them shit, it’s probs the opposite he’s instead telling them to take shit that don’t belong to them and that he’s not wanting to buy for them and is blaming the victim instead of buying his daughter their own shit. Free loading would be a better word!",Speculative,"The main conclusion depends on an unsupported case-specific assumption, motive, or prediction; removing that assumption makes the argument largely collapse."
ocx94s,AITA for telling my wife the lock on my daughter's door does not get removed til my brother inlaw and his daughters are out of our house?,h3wypsr,0,,"NTA.

Good for you for standing up for your daughter. The lock should stay. There would be no need for it except that the girls are thieves.

The adult girls should pay your daughter back for the makeup. She saved for it. They stole it. 


Time for the rest of the family to take a turn at helping BIL out.",Grounded,
ocx94s,AITA for telling my wife the lock on my daughter's door does not get removed til my brother inlaw and his daughters are out of our house?,h3x5rtg,1,h3wypsr,100% demand repayment for the makeup.,Grounded,
ocx94s,AITA for telling my wife the lock on my daughter's door does not get removed til my brother inlaw and his daughters are out of our house?,h3wyctp,0,,NTA. And why the heck are you supposed to treat them like daughters? They have their dad with them.,Grounded,
ocx94s,AITA for telling my wife the lock on my daughter's door does not get removed til my brother inlaw and his daughters are out of our house?,h3x9css,1,h3wyctp,"One could say that by calling them out, he is being a better parent to them than his BIL is.",Grounded,
ocx94s,AITA for telling my wife the lock on my daughter's door does not get removed til my brother inlaw and his daughters are out of our house?,h3x0dwb,0,,"NTA, but wow, I'm shocked that your wife cares more about appearances and her brother/nieces than her own daughter. Giving her own child the silent treatment? That's just insane to me. And don't think your daughter hasn't noticed that her mother isn't on her side. That's gotta hurt. Your wife needs to wake up.",Partially Grounded,"Borderline case: the evidence-based core remains, but part of the reasoning goes beyond the facts established in the post."
ocx94s,AITA for telling my wife the lock on my daughter's door does not get removed til my brother inlaw and his daughters are out of our house?,h3xbiip,1,h3x0dwb,"Yea this situation screams ""needs couples therapy"" here cuz of the wife",Grounded,
ocx94s,AITA for telling my wife the lock on my daughter's door does not get removed til my brother inlaw and his daughters are out of our house?,h3wzvhq,0,,"NTA. As someone who had a “family friend” move into our house “temporarily” when I was in middle school. You did the right thing. The “family friend” who moved in with us, was only supposed to be there temporarily, until he got himself an apartment. Lived with us for 4 years. He only moved out because my parents eventually separated and divorced, while he was still living with us. So for the last 4 years that my family, was a family, we had some guy, who my sister and I didnt even like, live in our home. 

Do yourself and your family a favour and give a timeline that they have to move out by or you will be taken advantage of and it might ruin your marriage.",Partially Grounded,"Grounded core, but it adds a prediction or extrapolation that is not directly established by the available context."
ocx94s,AITA for telling my wife the lock on my daughter's door does not get removed til my brother inlaw and his daughters are out of our house?,h3x9x7u,1,h3wzvhq,Have you ever talked to either of your parents about that experience?  Do you think his presence was a factor in the disintegration of your parents' marriage?,Not Assessable,"Primarily a reaction, agreement, question, joke, or anecdote; there is not enough case-directed reasoning to assign a grounding level."
ocx94s,AITA for telling my wife the lock on my daughter's door does not get removed til my brother inlaw and his daughters are out of our house?,h3xb8cp,2,h3x9x7u,... I sure do.,Not Assessable,Too little substantive reasoning is provided to evaluate evidence grounding.
ocx94s,AITA for telling my wife the lock on my daughter's door does not get removed til my brother inlaw and his daughters are out of our house?,h3xjrvl,0,,YTA. move out so bro and sis can finally be together,Not Assessable,Too little substantive reasoning is provided to evaluate evidence grounding.
ocx94s,AITA for telling my wife the lock on my daughter's door does not get removed til my brother inlaw and his daughters are out of our house?,h3y27by,1,h3xjrvl,apologies for all the people who couldn't appreciate this fine sarcasm :),Not Assessable,Too little substantive reasoning is provided to evaluate evidence grounding.
ocx94s,AITA for telling my wife the lock on my daughter's door does not get removed til my brother inlaw and his daughters are out of our house?,h3y4ust,1,h3xjrvl,if you can’t see this comment as the best in show then get off the judges platform and sit with the civilians.,Not Assessable,"Primarily a reaction, agreement, question, joke, or anecdote; there is not enough case-directed reasoning to assign a grounding level."
ocx94s,AITA for telling my wife the lock on my daughter's door does not get removed til my brother inlaw and his daughters are out of our house?,h3wyrx6,0,,"NTA. 

All teen girls don't steal each other's stuff and ruin it because they've never been taught basic respect. Only asshole teen girls with asshole parents who enable them do this.

They are guests in your home, you haven't adopted them. And even if you had, basic respect should be expected.",Partially Grounded,"Borderline case: the evidence-based core remains, but part of the reasoning goes beyond the facts established in the post."
ocx94s,AITA for telling my wife the lock on my daughter's door does not get removed til my brother inlaw and his daughters are out of our house?,h3x12ye,0,,"NTA

&gt;Everyone's been giving me and Zoey silent treatment and my wife is very much upset over this.

I would tell Sammy to get the fuck out of my house. How are you going to stay *in my home* and give me the silent treatment?

His daughters are 18 — they are adults. You wife can go with them. Fuck that noise.",Grounded,
ocx94s,AITA for telling my wife the lock on my daughter's door does not get removed til my brother inlaw and his daughters are out of our house?,h3xbueg,1,h3x12ye,Or take zoey and leave. You do not have to live like this in your own house. Your wife is prioritizing her brothers family over her own. Your and Zoey's feelings are valid. You need to put your foot down even harder and tell them you are done putting up with this shit,Grounded,
ocx94s,AITA for telling my wife the lock on my daughter's door does not get removed til my brother inlaw and his daughters are out of our house?,h3wyl0e,0,,"You did the right thing with the lock. You opened your home to these people and they are disrespecting you and your child. I’m sorry your wife is not on your side, but your first obligation is to protect your daughter and your home, valuables and all. It was a $60 makeup kit this time, next time it will be worse. 

The cousins are not your daughters and you don’t owe any of them the right to take, use, and destroy any of your family’s belongings. Hopefully they will take the hint and leave as soon as possible. But you did nothing wrong and I hope eventually your wife will understand that. 

NTA.",Partially Grounded,"Grounded core, but it adds a prediction or extrapolation that is not directly established by the available context."
ocx94s,AITA for telling my wife the lock on my daughter's door does not get removed til my brother inlaw and his daughters are out of our house?,h3x346u,0,,"NTA - But you should keep the lock on her door after they leave anyway! Teenagers deserve the right to privacy and security and it sounds like your wife doesn't fully understand that. As long as Zoey is responsible with how she keeps her electronics tidy (fire hazard), doesn't do drugs, and doesn't have any dangerous mental health issues, she deserves that lock.",Grounded,
ocx94s,AITA for telling my wife the lock on my daughter's door does not get removed til my brother inlaw and his daughters are out of our house?,h3x4njb,0,,"NTA.  Evict her brother.  Your wife can leave with them.  You need to protect Zoey.  

1. Your wife is T A for continuously dismissing Zoey’s feelings and letting Zoey be hurt repeatedly.  Your wife is choosing her brother over Zoey.  She’s also enabling the cousins’ behaviour by having no repercussions for their STEALING.  Your wife is destroying Zoey’s mental health and their relationship.

2. BIL is T A.  He’s selfish, entitled, and a bully.  It’s obvious why no one would take him in.  He puts his feelings above everyone else’s and enables his daughter’s stealing.  He’s a bad parent and uncle.

3. The cousins are T A for stealing and then throwing a fit when they can’t steal anymore.  They are not borrowing.  They are stealing and destroying property.

Please do the following:

1. Tell Zoey you love her, support her, and will keep her safe.

2. Tell her that her Mom, uncle, and cousins are all the wrong and that she did nothing to deserve this behaviour.

3. Tell Zoey that her privacy matters and she is right not to give her cousins anything that they want.

4. Tell Zoey that you’re going to leave the house with her or kick out BIL.  Either way, you’re going to keep her away from them.

5. Tell her how proud you are of her working and saving for her makeup.  Surprise with a gift card so she buy a new and some more.  

6. Get her counseling.  Most of all, her Mom turning her back on her when she needs her the most is going to be hurting Zoey the most.  A counselor needs to help her heal.",Partially Grounded,"Grounded core, but it adds an unsupported inference about a person's motive, character, or likely behavior."
ocx94s,AITA for telling my wife the lock on my daughter's door does not get removed til my brother inlaw and his daughters are out of our house?,h3wymza,0,,"NTA
If the two cousins are to be treated like daughters then ground them until the pay back what's been lost. Them offer to replace the lock with a surveillance camera.",Grounded,
ocx94s,AITA for telling my wife the lock on my daughter's door does not get removed til my brother inlaw and his daughters are out of our house?,h3wzc47,0,,"NTA - please for the love of god

Keep the lock and keep standing with you daughter",Not Assessable,Too little substantive reasoning is provided to evaluate evidence grounding.
ocx94s,AITA for telling my wife the lock on my daughter's door does not get removed til my brother inlaw and his daughters are out of our house?,h3x0e00,0,,NTA You’re being a great dad in a ridiculous situation. And your wife is an AH for not seeing the situation for what it is.,Not Assessable,Too little substantive reasoning is provided to evaluate evidence grounding.
ocx94s,AITA for telling my wife the lock on my daughter's door does not get removed til my brother inlaw and his daughters are out of our house?,h3wzwea,0,,"NTA. The cousins aren’t borrowing. They are stealing. Borrowing is when you ask permission for something and then return it in the same condition in which it was given.  Saying that your daughter should not be spending so much money on makeup is just a distraction/deflection from the fact that they they took her property and ruined it. 

As far as the lock…it is not keeping cousins from spending time together because clearly they are entering the room when your daughter isn’t even there. 

These are all deflections from the fact the his daughters are thieves.",Grounded,
ocx94s,AITA for telling my wife the lock on my daughter's door does not get removed til my brother inlaw and his daughters are out of our house?,h3wzs21,0,,"NTA. Borrowing requires permission. They are entering her private space and removing her personal items without permission. Which is the basics of breaking and entering so your BIL might want to work on their personality flaws. 

This is your house and your rule is that they may not go in your daughter’s room and take things. If their dad is not ok with the house rules, he’s welcome to get his own home. Oh...wait....

Please continue to stand up for your daughter.",Partially Grounded,"Grounded core, but the specific legal conclusion or outcome goes beyond what the thread establishes and may depend on missing facts or jurisdiction."
ocx94s,AITA for telling my wife the lock on my daughter's door does not get removed til my brother inlaw and his daughters are out of our house?,h3wyp12,0,,"NTA dude youve been very kind and responsible.
Im no parent but youve done right by your kid.

The cousins are thieves and youve given your daughter piece of mind. 

regarding silent treatment they cant keep it up for long tough it out, which will suck but you two are in it together. 

top quality parenting and top quality humaning taking in family when they had nowhere to go. they seem to have forgotten theyre guests in your home.",Grounded,
ocx94s,AITA for telling my wife the lock on my daughter's door does not get removed til my brother inlaw and his daughters are out of our house?,h3x0bfu,0,,"Nta, your wife is telling your daughter that she isn't valued. Thanks for sticking up for your kid. Boot your in-laws if you can.",Grounded,
ocx94s,AITA for telling my wife the lock on my daughter's door does not get removed til my brother inlaw and his daughters are out of our house?,h3wydsn,0,,NTA at all for putting a lock on the door. Something is seriously wrong with the cousins and those excusing them from taking your daughter's things. I have two sisters. We were teenagers at the same time for a few years. None of us 'borrowed' something from another without asking. It would never even occur to us and is not normal teenage girl behavior.,Grounded,
ocx94s,AITA for telling my wife the lock on my daughter's door does not get removed til my brother inlaw and his daughters are out of our house?,h3xher7,0,,"YTA - you really need to start thinking about others and  . . . . . 

Wow just kidding OBVIOUSLY NTA

Tell your unwanted guests to pack their shit and MOVE",Not Assessable,Too little substantive reasoning is provided to evaluate evidence grounding.
ocx94s,AITA for telling my wife the lock on my daughter's door does not get removed til my brother inlaw and his daughters are out of our house?,h3wzhj4,0,,NTA- but you need to kick them out and prioritise your daughter,Not Assessable,Too little substantive reasoning is provided to evaluate evidence grounding.
ocx94s,AITA for telling my wife the lock on my daughter's door does not get removed til my brother inlaw and his daughters are out of our house?,h3wzxg9,0,,"NTA

Sharing makeup is gross. If they had pink eye. Ick. 

Not all teen girls share stuff. If they are good girls THEY FING ASK!!  BIL and daughters are terrible people. I hope you do kick them out. 

Can you go to BIL room and just start grabbing stuff off his and using it?",Grounded,
ocx94s,AITA for telling my wife the lock on my daughter's door does not get removed til my brother inlaw and his daughters are out of our house?,h3wzp7r,0,,"NTA. This is not typical teenager behavior unless they have been poorly raised without learning respect for the belongings of others. If you ""borrow"" something, it is with the permission of the person who owns the item. These girls are terrible guests and should not be allowed to help themselves to anything OP's daughter has in *her* room. She is also a teenager who needs her privacy. OP's wife is going to destroy the marriage if she keeps putting her family of origin above the family she chose and made with OP.",Partially Grounded,"Borderline case: the evidence-based core remains, but part of the reasoning goes beyond the facts established in the post."
ocx94s,AITA for telling my wife the lock on my daughter's door does not get removed til my brother inlaw and his daughters are out of our house?,h3wzy8u,0,,"NTA

Your nieces are entitled and abusing the fact their father and your wife give them so much leeway.  Growing up, I hated when my cousins came over because always made a mess that me and my sister had to clean up because our mom yelled at us, even when we didn't let them nor caused the mess.

Keep the lock up and stand your ground.  And DON NOT tolerate your BIL insulting and demeaning your daughter when his own are acting like brats, at 18!  No wonder his wife left him.  With the kids finally grown up, she felt she had no reason to stay with him any longer.",Partially Grounded,"Grounded core, but it adds an unsupported inference about a person's motive, character, or likely behavior."
ocx94s,AITA for telling my wife the lock on my daughter's door does not get removed til my brother inlaw and his daughters are out of our house?,h3xlxeu,0,,NTA. But you married into trash and now it's all over your house.,Speculative,"The main conclusion depends on an unsupported case-specific assumption, motive, or prediction; removing that assumption makes the argument largely collapse."
gr8bp3,AITA For suing my girlfriend after she had my 1967 impala project taken to the scrapyard?,frxazhc,0,,"NTA - sue her ass. Sue her for the cost plus a few extra thousand for the time and money. Have her prosecuted for theft, destruction of private property and have the guys that came to get it prosecuted for receiving stolen goods. Nail them all to the wall.",Partially Grounded,"Grounded core, but the specific legal conclusion or outcome goes beyond what the thread establishes and may depend on missing facts or jurisdiction."
gr8bp3,AITA For suing my girlfriend after she had my 1967 impala project taken to the scrapyard?,frxb7o1,1,frxazhc,I mean I can't blame the guys that came and got it. She told them it was her dad's and she had lost the title for it and wanted it gone and they believed her so its not their fault they got lied to,Grounded,
gr8bp3,AITA For suing my girlfriend after she had my 1967 impala project taken to the scrapyard?,frxbyte,2,frxb7o1,"Taking a car that the title was ""lost"" makes them kind of shady. I've had cars sent to the scrapyard and if I didn't have a title in hand they refused to take it.  (This is her story. When the guys saw what they were getting, I'm sure they were jumping up and down inside, unless they know nothing about cars.)",Partially Grounded,"Relevant analogy or personal experience supports the point, but it does not establish case-specific facts."
gr8bp3,AITA For suing my girlfriend after she had my 1967 impala project taken to the scrapyard?,frxioko,2,frxb7o1,"Bullshit. 

11k worth of parts and an obvious classic you have to be seriously thick in the head to not think it was stolen - which it was. 

File suit and have her arrested too.",Partially Grounded,"Grounded core, but the specific legal conclusion or outcome goes beyond what the thread establishes and may depend on missing facts or jurisdiction."
gr8bp3,AITA For suing my girlfriend after she had my 1967 impala project taken to the scrapyard?,frxchsj,2,frxb7o1,"It's not their fault they got lied to, no, but there is a reason you need to have all documentation present to deal with this sort of thing. If they had done their jobs and waited until all documentation was present and checked out, you'd still have your car. Ultimately it was your exes fault but they aren't completely blameless.",Grounded,
gr8bp3,AITA For suing my girlfriend after she had my 1967 impala project taken to the scrapyard?,frxljzw,2,frxb7o1,"&gt;she had lost the title for it 

Oh hey! Don't forget to call the police and report it stolen. She effectively stole this vehicle from you and committed fraud along the way.",Partially Grounded,"Grounded core, but the specific legal conclusion or outcome goes beyond what the thread establishes and may depend on missing facts or jurisdiction."
gr8bp3,AITA For suing my girlfriend after she had my 1967 impala project taken to the scrapyard?,frxfwwk,2,frxb7o1,Then make sure you get their testimony. She blatantly lied and that will look terrible in court. It’ll only help your case.,Grounded,
gr8bp3,AITA For suing my girlfriend after she had my 1967 impala project taken to the scrapyard?,frxieuf,2,frxb7o1,I’m devestated looking at these pictures. This is so messed up. I don’t know if you’ve heard of the TV show Supernatural - but in the show they drive a ‘67 impala. Well maintained. It is honestly the most beautiful car ever.,Grounded,
gr8bp3,AITA For suing my girlfriend after she had my 1967 impala project taken to the scrapyard?,frxh96c,2,frxb7o1,Did you try finding their contact info and tell them that it was a huge mistake?,Not Assessable,"Primarily a reaction, agreement, question, joke, or anecdote; there is not enough case-directed reasoning to assign a grounding level."
gr8bp3,AITA For suing my girlfriend after she had my 1967 impala project taken to the scrapyard?,frxhl6k,1,frxazhc,"Agree with this: if possible, press charges. That is theft.",Grounded,
gr8bp3,AITA For suing my girlfriend after she had my 1967 impala project taken to the scrapyard?,frxj2cc,1,frxazhc,"This, fucking destroy all of them. Im not even into cars but I would never do this to my boyfriend.",Not Assessable,"Primarily a reaction, agreement, question, joke, or anecdote; there is not enough case-directed reasoning to assign a grounding level."
gr8bp3,AITA For suing my girlfriend after she had my 1967 impala project taken to the scrapyard?,frxhhu2,1,frxazhc,Also sue her for emotional trauma,Speculative,"The main conclusion depends on an unsupported case-specific assumption, motive, or prediction; removing that assumption makes the argument largely collapse."
gr8bp3,AITA For suing my girlfriend after she had my 1967 impala project taken to the scrapyard?,frxb68j,0,,NTA! How do you have the nerve to do something like that in someone’s home? She isn’t even your wife!! She went too far and I say you dodged a bullet.,Grounded,
gr8bp3,AITA For suing my girlfriend after she had my 1967 impala project taken to the scrapyard?,frxbe0a,1,frxb68j,"I wouldn't say I dodged a bullet, more like it hit me in the shoulder instead of the heart. Hurts, but could be a lot worse",Grounded,
gr8bp3,AITA For suing my girlfriend after she had my 1967 impala project taken to the scrapyard?,frxbo5y,2,frxbe0a,"I’m sure the tune of 11k hurts and gone in an instant. When I say dodged a bullet, I mean if she can do this behind your back with no remorse, imagine what else. All cause she “didn’t like it”",Partially Grounded,"Grounded core, but it adds an unsupported inference about a person's motive, character, or likely behavior."
gr8bp3,AITA For suing my girlfriend after she had my 1967 impala project taken to the scrapyard?,frxi2x7,2,frxbe0a,That statement is so sad and true. I'm sorry you are going through this.,Not Assessable,"Primarily a reaction, agreement, question, joke, or anecdote; there is not enough case-directed reasoning to assign a grounding level."
gr8bp3,AITA For suing my girlfriend after she had my 1967 impala project taken to the scrapyard?,frxkcnb,2,frxbe0a,"Well, you avoided that arrow to the knee atleast",Not Assessable,Too little substantive reasoning is provided to evaluate evidence grounding.
gr8bp3,AITA For suing my girlfriend after she had my 1967 impala project taken to the scrapyard?,frxla2d,1,frxb68j,"Lmao what bullet did he dodge? Dude lost his passion project worth 11,000 dollars.",Grounded,
gr8bp3,AITA For suing my girlfriend after she had my 1967 impala project taken to the scrapyard?,frxld82,2,frxla2d,His girlfriend well ex.. that’s the bullet I was speaking of. Calm down,Not Assessable,"Primarily a reaction, agreement, question, joke, or anecdote; there is not enough case-directed reasoning to assign a grounding level."
gr8bp3,AITA For suing my girlfriend after she had my 1967 impala project taken to the scrapyard?,frxb4ya,0,,"NTA: Holy shit, definitely not the asshole. That’s like your girlfriend selling a dog out from under you while you are on a business trip because she didn’t like it! 

The audacity. If she didn’t like it, she could’ve just ignored it. The most toxic part is that she sees no issue. Your property, your house, she throws it away? And if any judge knows the worth of that car they would understand suing her for the costs. LET ALONE THE TIME YOU SPENT ON IT.


That’s a hobby, and a damn good one. If she couldn’t support you and your project, that probably would’ve been a red flag for anything you do later on. I think this is all justified.


Edit:to add NTA",Partially Grounded,"Grounded core, but it adds an unsupported inference about a person's motive, character, or likely behavior."
gr8bp3,AITA For suing my girlfriend after she had my 1967 impala project taken to the scrapyard?,frxbbvg,1,frxb4ya,Exactly it's not just the money he put into it but all the time he spent working on it too. Women like this are insane,Partially Grounded,"Borderline case: the main point is supported by the conversation chain, but part of the reasoning extends beyond what the parent context establishes."
gr8bp3,AITA For suing my girlfriend after she had my 1967 impala project taken to the scrapyard?,frxcgoq,2,frxbbvg,"My fiancé’s step dad restores 1939 ford coupes. It took him a year just to find some specific parts he was looking for, and at a pretty penny too. I could never even fathom if someone were to sell that from under him, let alone scrap it!

This poor guy 😭",Grounded,
gr8bp3,AITA For suing my girlfriend after she had my 1967 impala project taken to the scrapyard?,frxezwm,2,frxbbvg,Yes! The no-big-deal attitude she seems to have about the situation is so unsettling. On what planet would this be okay to do?!? Good on OP for immediately putting his foot down and telling her to leave.,Grounded,
gr8bp3,AITA For suing my girlfriend after she had my 1967 impala project taken to the scrapyard?,frxbsw1,0,,"NTA. My husband has several old cars. I haven't seen the inside of the garage in twenty years. But he loves his hobby cars and I would never dream of asking him to lose one. I say take her to court. Be sure you sue for replacement cost. The Impalas are getting hard to come by and you may have to pay more than you think. Oh, and congrats on dodging the bullet with that one. If she pulled this crap in the first year. Just think what she would be trying after a couple of kids and ten years of marriage.",Partially Grounded,"Grounded core, but the specific legal conclusion or outcome goes beyond what the thread establishes and may depend on missing facts or jurisdiction."
gr8bp3,AITA For suing my girlfriend after she had my 1967 impala project taken to the scrapyard?,frxf0wp,1,frxbsw1,"This! I knew within 2 months of dating of my now husband that in this relationship, my vehicle would probably never park in the garage and I'm still ok with that years later! 

Go find a partner who respects you and your belongings!",Grounded,
gr8bp3,AITA For suing my girlfriend after she had my 1967 impala project taken to the scrapyard?,frxjayt,1,frxbsw1,"This.   

My husband has lighting and cameras for projects. He also has an old ass computer (70's?) he wants to fix after watching a few YouTubers do it. Our second bedroom in our apartment is full of all his army gear. Have I touched the stuff? Yes because it was a mess and I just organized it (he can find it in there now). Would I sell or destroy any of it? Hell no.    

This is not something a sane person does. Especially without the other person's knowledge. These are things where you make sure your SO knows it's happening and both of you want it.    

Edit: since I can't reply. My husband doesn't keep organized as he has PTSD, anxiety and depression. It's so severe he is unemployed.",Partially Grounded,"Grounded core, but it adds a prediction or extrapolation that is not directly established by the available context."
gr8bp3,AITA For suing my girlfriend after she had my 1967 impala project taken to the scrapyard?,frxd8p0,0,,"Nta. What is with this sub and terrible SO's who don't respect their partner's property and passions? Like how the fuck did she expect you act?! *Oh, yay you completely destroyed my passion project while also causing a considerable financial loss. But at least your car is in the garage!* 🙄

She wasn't very bright, being dumped, and sued is the most predictable outcome from this scenario.",Grounded,
gr8bp3,AITA For suing my girlfriend after she had my 1967 impala project taken to the scrapyard?,frxfmn1,1,frxd8p0,"Right!? It's amazing how they even feel super proud afterwards. Like ""no, you don't have to thank me, I did it because I knew your twelve billion previous 'don't do it' were just LIES"".",Partially Grounded,"Borderline case: the main point is supported by the conversation chain, but part of the reasoning extends beyond what the parent context establishes."
gr8bp3,AITA For suing my girlfriend after she had my 1967 impala project taken to the scrapyard?,frybcdh,2,frxfmn1,"“I know you really wanted me to be able to park in the garage, but that Evil Car wouldn’t let you do it. I have saved us from that Evil Car!”",Not Assessable,"Primarily a reaction, agreement, question, joke, or anecdote; there is not enough case-directed reasoning to assign a grounding level."
gr8bp3,AITA For suing my girlfriend after she had my 1967 impala project taken to the scrapyard?,frxjexe,1,frxd8p0,That is exactly what my SO said “how did she expect it to end differently?”,Not Assessable,"Primarily a reaction, agreement, question, joke, or anecdote; there is not enough case-directed reasoning to assign a grounding level."
gr8bp3,AITA For suing my girlfriend after she had my 1967 impala project taken to the scrapyard?,fry1okj,2,frxlp6f,Lets not forget the AH guy that threw out his girlfriends mason jars in her own home because he was a pretentious hipster bartender man and coildnt stand that she used them to make fruity water that made her happy. Then pleaded his defense by telling her shes fat and trying to diet.,Not Assessable,"Primarily a reaction, agreement, question, joke, or anecdote; there is not enough case-directed reasoning to assign a grounding level."
gr8bp3,AITA For suing my girlfriend after she had my 1967 impala project taken to the scrapyard?,frxjjol,1,frxd8p0,"I gotta say, the ridiculousness here and on r/relationships, as well as recent discussion on r/flying about a woman who specifically wanted her husband's plane in the divorce so she could park in a place where he'd have to watch it deteriorate over the years has mostly convinced me I don't want to be in a relationship where they have access to my stuff. Furthermore, if they show any signs of not liking things, just get the fuck out of there. 

I'm all for giving people some slack due to coronavirus and all the craziness surrounding it, but this is really off the rails.",Partially Grounded,"Grounded core, but it adds an unsupported inference about a person's motive, character, or likely behavior."
gr8bp3,AITA For suing my girlfriend after she had my 1967 impala project taken to the scrapyard?,frxtxme,2,frxjjol,"You have to remember there's billions of people on the planet. These people are very unique.

That or creative writing.",Speculative,"The central claim depends on an unsupported explanation of authenticity, personality, or motive rather than evidence in the thread."
gr8bp3,AITA For suing my girlfriend after she had my 1967 impala project taken to the scrapyard?,frximqr,1,frxd8p0,She sounds entitled and controlling. This is ridiculously wrong.,Grounded,
gr8bp3,AITA For suing my girlfriend after she had my 1967 impala project taken to the scrapyard?,frxdiv6,0,,"Completely, definitely, whole-heartedly NTA!!!!!! What a horrid human being! What a selfish, ungrateful and disgusting human being! 

‘67 IMPALA?!?! 
I want to sue her too! I’m going to sue her for making you have to post this and causing me emotional distress! 

Is there like a gofundme for suing people?! Cause I’ll contribute. 
 
GoSueher.com?",Not Assessable,"Primarily a reaction, agreement, question, joke, or anecdote; there is not enough case-directed reasoning to assign a grounding level."
gr8bp3,AITA For suing my girlfriend after she had my 1967 impala project taken to the scrapyard?,frxj6rr,1,frxdiv6,Seconded dude...,Not Assessable,Too little substantive reasoning is provided to evaluate evidence grounding.
gr8bp3,AITA For suing my girlfriend after she had my 1967 impala project taken to the scrapyard?,fry4zbl,1,frxdiv6,"Exactly! I'm not interested in cars, I only know what the Impala 67 looks like from Supernatural (I think it's pretty cool and obviously very valuable) especially taking into account the sentimental value of the vehicle, but even if it was just a junk it's still his and she's still in HIS house,  I cannot believe that she was so insensitive with the person she is supposed to ""love"".",Grounded,
gr8bp3,AITA For suing my girlfriend after she had my 1967 impala project taken to the scrapyard?,fryhviv,1,frxdiv6,Cross post this to r/supernatural and you'll basically raise the money overnight.,Speculative,"The main conclusion depends on an unsupported case-specific assumption, motive, or prediction; removing that assumption makes the argument largely collapse."
gr8bp3,AITA For suing my girlfriend after she had my 1967 impala project taken to the scrapyard?,frxeco8,0,,I would file a police report and see if there was any way that you could get her prosecuted. NTA.,Grounded,
gr8bp3,AITA For suing my girlfriend after she had my 1967 impala project taken to the scrapyard?,frxfixp,1,frxeco8,"NTA, contact the police immediately and and file a report for felonious theft of property.",Partially Grounded,"Grounded core, but the specific legal conclusion or outcome goes beyond what the thread establishes and may depend on missing facts or jurisdiction."
gr8bp3,AITA For suing my girlfriend after she had my 1967 impala project taken to the scrapyard?,frxj9yg,2,frxfixp,"""Hello, police? Yes, I'd like to report a theft of approximately $11k. I have receipts and video evidence. My ex girlfriend. Yup. OK, she and I will be at 1234 FYouSharon Drive. See ya.""",Grounded,
gr8bp3,AITA For suing my girlfriend after she had my 1967 impala project taken to the scrapyard?,frxhqak,1,frxeco8,Agreed. NTA. I would pursue criminal action as well as civil.,Grounded,
gr8bp3,AITA For suing my girlfriend after she had my 1967 impala project taken to the scrapyard?,frxmmjq,1,frxeco8,This. She sold stolen property. I would assume she had to pay someone to come pick it up. Get the cops involved AND take her to civil court.,Partially Grounded,"Grounded core, but the specific legal conclusion or outcome goes beyond what the thread establishes and may depend on missing facts or jurisdiction."
gr8bp3,AITA For suing my girlfriend after she had my 1967 impala project taken to the scrapyard?,frxdbt1,0,,"NTA. 

Relationship wise: this was a gross overstep on her part just to get her way on something minor. Ending the relationship immediately was the right thing to do.


Legal wise: Don’t destroy something you can’t afford to replace. Take her down, let her pay it off over the next few years.",Grounded,
gr8bp3,AITA For suing my girlfriend after she had my 1967 impala project taken to the scrapyard?,frxvdh1,2,frxttbe,"Lol yeah there’s just so much in this that I wanna know, like she scrapped it right? How much did she recieve for all of that? Because having all that plus the engine and stuff being taken must’ve been a pretty penny. Did she give the money to him? 

And plus wtf did her friends and family try to reconcile him with lmao “don’t take her to court, just forget about the money and cost of the car and happily move on” wtf?! Like her parents could’ve offered to pay for it or something but it didn’t even seem like that was on the table, I wonder if he tried to see if she’d be okay with making payments of something at first lol",Not Assessable,"Primarily a reaction, agreement, question, joke, or anecdote; there is not enough case-directed reasoning to assign a grounding level."
gr8bp3,AITA For suing my girlfriend after she had my 1967 impala project taken to the scrapyard?,frxctqa,0,,"NTA. I can make an educated guess as to why it was a 67 Impala, and I am horrified for you. That’s straight up theft. If that’s how she treats your Baby, imagine what else she’ll feel free to dispose of.",Partially Grounded,"Grounded core, but the specific legal conclusion or outcome goes beyond what the thread establishes and may depend on missing facts or jurisdiction."
gr8bp3,AITA For suing my girlfriend after she had my 1967 impala project taken to the scrapyard?,frxd55q,1,frxctqa,"You probably think it has something to do with the show Supernatural but no, when I was a kid my grandpa had one all original that he bought new and when he passed it was sold off but I loved that car so much I knew I was going to have one someday. His was a 2 door SS with the 327 and 3 speed but the 4 door is more my cup of tea",Not Assessable,Primarily a factual update or conversational response rather than an argument whose grounding can be evaluated.
gr8bp3,AITA For suing my girlfriend after she had my 1967 impala project taken to the scrapyard?,frxlspu,2,frxd55q,That makes this even worse! It's sentimental for you....,Grounded,
gr8bp3,AITA For suing my girlfriend after she had my 1967 impala project taken to the scrapyard?,frxlkz2,2,frxd55q,"A friend of mine had a mustard yellow one. That car was a boat and it rocked like one around corners lol. He loved it to death, tho.",Not Assessable,"Primarily a reaction, agreement, question, joke, or anecdote; there is not enough case-directed reasoning to assign a grounding level."
gr8bp3,AITA For suing my girlfriend after she had my 1967 impala project taken to the scrapyard?,frxm7h9,2,frxd55q,"I'm gonna respond to this comment so you see this, but I just want to send my condolences,  I cant imagine someone doing this to my car, cars are not just a tool to some people, they love them, and baby them. so sorry",Grounded,
gr8bp3,AITA For suing my girlfriend after she had my 1967 impala project taken to the scrapyard?,frxmhzs,1,frxctqa,I was thinking it was related to the show Supernatural too. It would be a dream of mine to own Baby in real life. The fact that this car had more sentimental value to you other than a tv show makes this so much worse. I can’t believe she did that. You are most definitely NTA.,Grounded,
gr8bp3,AITA For suing my girlfriend after she had my 1967 impala project taken to the scrapyard?,frxclya,0,,"NTA. On a normal day this would be bad enough, but as a petrolhead this really has got my blood boiling I can only imagine how much this meant to you. I am so sorry this has happened to you. I am so sorry is there anyway you could get the car back?",Grounded,
gr8bp3,AITA For suing my girlfriend after she had my 1967 impala project taken to the scrapyard?,frxctme,1,frxclya,"potentially some of the parts and stuff but the body and chassis are for sure gone, either cut up and sold or scrapped by now",Partially Grounded,"Borderline case: the main point is supported by the conversation chain, but part of the reasoning extends beyond what the parent context establishes."
gr8bp3,AITA For suing my girlfriend after she had my 1967 impala project taken to the scrapyard?,frxdbwl,2,frxctme,Ahh shit. As other people have said if she passed it along without proof of ownership the scrapyard people might be liable too. Ik you came here for opinions on your morality and you're a far better man than I am because I wouldn't have even thought twice about suing and kicking her out. I really hope you get some good legal advice and this works out for the best. Good luck man.,Partially Grounded,"Grounded core, but the specific legal conclusion or outcome goes beyond what the thread establishes and may depend on missing facts or jurisdiction."
gr8bp3,AITA For suing my girlfriend after she had my 1967 impala project taken to the scrapyard?,frxro7j,2,frxctme,"Hey man, that very well could be the case, but it also might not you know? It's worth making a couple calls to see if it isn't still being held somewhere. If not, at least you can say you tried, right? 

Several others further up in the comments had mentioned how if the dudes who took it knew anything about cars, no way they would let it get crushed. Seriously, I would try to find out for sure.",Grounded,
gr8bp3,AITA For suing my girlfriend after she had my 1967 impala project taken to the scrapyard?,frxftky,0,,"Absolutely NTA.  Did you file a police report?

OP, I'd do a in-depth survey of the rest of your house to see if anything else has gone missing.",Partially Grounded,"Grounded core, but the specific legal conclusion or outcome goes beyond what the thread establishes and may depend on missing facts or jurisdiction."
gr8bp3,AITA For suing my girlfriend after she had my 1967 impala project taken to the scrapyard?,frxfzwj,1,frxftky,No but after reading many comments telling me to I guess i will be tonight,Not Assessable,Primarily a factual update or conversational response rather than an argument whose grounding can be evaluated.
gr8bp3,AITA For suing my girlfriend after she had my 1967 impala project taken to the scrapyard?,frxk9ox,2,frxfzwj,"You want that police report to back yourself up at court.  

Have her arrested for stealing and go to the scrap yard letting them know you're reporting the theft and that they'll need to cooperate since you have their info.   I wouldn't go after them, assuming they'll help you.   

Get her arrested.",Partially Grounded,"Grounded core, but the specific legal conclusion or outcome goes beyond what the thread establishes and may depend on missing facts or jurisdiction."
gr8bp3,AITA For suing my girlfriend after she had my 1967 impala project taken to the scrapyard?,frxktwh,2,frxfzwj,"Please do this.  And please also update, because rarely has a post here made me this angry.",Not Assessable,"Primarily a reaction, agreement, question, joke, or anecdote; there is not enough case-directed reasoning to assign a grounding level."
gr8bp3,AITA For suing my girlfriend after she had my 1967 impala project taken to the scrapyard?,frxn15a,2,frxfzwj,I'd change your locks too (just in case),Grounded,
gr8bp3,AITA For suing my girlfriend after she had my 1967 impala project taken to the scrapyard?,frxg767,1,frxftky,Yesssss. Get her in legal trouble AND get your money.,Not Assessable,Too little substantive reasoning is provided to evaluate evidence grounding.
gr8bp3,AITA For suing my girlfriend after she had my 1967 impala project taken to the scrapyard?,frxayrq,0,,NTA that is fuuuuuccckkked up and I can’t believe anyone is defending that behavior. I mean maybe if you were like married for years and that stuff had been sitting around for like 10 years or something and it was also her house  I could see an argument...but none of that is the case here. I would be livid. Wow just wow. Yeah unless she can get it all back somehow she owes you.,Grounded,
gr8bp3,AITA For suing my girlfriend after she had my 1967 impala project taken to the scrapyard?,frxwgmi,1,frxayrq,"My parents have been married for 45 years, owned their home for about 42 years and my father has had a custom built chassis in the shed for about 19 years. My mother hates it, and if she had it her way she would sell it in a heartbeat. But my father is adamant that he will build the car he wanted, she respects that and let’s it continue to sit in the shed as a dust collector!",Grounded,
gr8bp3,AITA For suing my girlfriend after she had my 1967 impala project taken to the scrapyard?,frxeg22,0,,NTA. Take every penny dude.,Not Assessable,Too little substantive reasoning is provided to evaluate evidence grounding.
gr8bp3,AITA For suing my girlfriend after she had my 1967 impala project taken to the scrapyard?,frxekpt,1,frxeg22,"every penny she has isn't even close, but making her lose her car and her nice things, i hate to say it but it would feel damn good",Not Assessable,"Primarily a reaction, agreement, question, joke, or anecdote; there is not enough case-directed reasoning to assign a grounding level."
gr8bp3,AITA For suing my girlfriend after she had my 1967 impala project taken to the scrapyard?,frxjbun,2,frxekpt,You wouldnt be an asshole for doing this and it's important you know that. She effectively stole from you and clearly didnt give a shit about you as a boyfriend or person. You are well within your legal right and in my opin she also morally owes you that money.,Partially Grounded,"Grounded core, but the specific legal conclusion or outcome goes beyond what the thread establishes and may depend on missing facts or jurisdiction."
gr8bp3,AITA For suing my girlfriend after she had my 1967 impala project taken to the scrapyard?,frxjw90,2,frxekpt,If you win the court case you can then use the system again to have her wages garnished. This sounds harsh but in the US non support garnishments are pretty limited so at most you would be getting like 5% of her before tax earnings.,Partially Grounded,"Grounded core, but the specific legal conclusion or outcome goes beyond what the thread establishes and may depend on missing facts or jurisdiction."
gr8bp3,AITA For suing my girlfriend after she had my 1967 impala project taken to the scrapyard?,frxenss,2,frxekpt,I can't even imagine! Good luck!,Not Assessable,Too little substantive reasoning is provided to evaluate evidence grounding.
gr8bp3,AITA For suing my girlfriend after she had my 1967 impala project taken to the scrapyard?,frxd3f3,0,,Definitely NTA! That's an amazing car! Can you call the scrapyard and get it back? I've been looking for a Winchester car to rebuild myself and I cannot find any 4 door 67 impala's anywhere!,Grounded,
gr8bp3,AITA For suing my girlfriend after she had my 1967 impala project taken to the scrapyard?,frxdlcc,1,frxd3f3,"I asked them to gather what all they got but they said most of it is probably gone by now and I agree, they sell a lot of parts online so theres undoubtedly not much left if anything",Partially Grounded,"Grounded core, but it adds a prediction or extrapolation that is not directly established by the available context."
gr8bp3,AITA For suing my girlfriend after she had my 1967 impala project taken to the scrapyard?,frxk56n,2,frxdlcc,"They are liable for this too, file a police report and produce your title",Partially Grounded,"Grounded core, but the specific legal conclusion or outcome goes beyond what the thread establishes and may depend on missing facts or jurisdiction."
gr8bp3,AITA For suing my girlfriend after she had my 1967 impala project taken to the scrapyard?,frxav0k,0,,"NTA

Oh my gosh. This is so obviously NTA. Holy crap, what a betrayal. Sue her for it all. So glad you have receipts.",Grounded,
gr8bp3,AITA For suing my girlfriend after she had my 1967 impala project taken to the scrapyard?,frxhi66,1,frxav0k,The fucking audacity of her to think she was even entitled to get rid of his property astounds me. She 100% needs to pay for it. NTA.,Grounded,
gr8bp3,AITA For suing my girlfriend after she had my 1967 impala project taken to the scrapyard?,frxngvo,0,,"How could you possibly have 11k in property stolen, and feel the need to ask this question? How does this shit get upvoted?",Grounded,
gr8bp3,AITA For suing my girlfriend after she had my 1967 impala project taken to the scrapyard?,frxtvlo,1,frxngvo,"Agreed. This is basically, ""I was the victim of a crime. AITA?""",Grounded,
gr8bp3,AITA For suing my girlfriend after she had my 1967 impala project taken to the scrapyard?,frxwmu8,2,frxtvlo,I think he was mostly asking because he said her family was blowing him up too. It’s a little different when it’s someone you’re dating. Old emotions come up and you start to think that maybe you over reacted.,Partially Grounded,"Grounded core, but it adds an unsupported inference about a person's motive, character, or likely behavior."
gr8bp3,AITA For suing my girlfriend after she had my 1967 impala project taken to the scrapyard?,frxsr0g,0,,"I don't know if anyone else has mentioned this but...

#YOU CAN GET YOUR CAR AND ALL THE PARTS BACK FREE OF CHARGE ONCE YOU FILE A POLICE REPORT, THEY ARE IN POSSESSION OF STOLEN GOODS AND HAVE NO CHOICE BUT TO RELEASE THEM ONCE YOU PROVE OWNERSHIP
 
Please make sure OP sees this",Speculative,The central claim relies on a confident legal conclusion or outcome that the available facts do not establish.
gr8bp3,AITA For suing my girlfriend after she had my 1967 impala project taken to the scrapyard?,frxarvs,0,,"Nta. Fuck her, that is ridiculous.",Not Assessable,Too little substantive reasoning is provided to evaluate evidence grounding.
gr8bp3,AITA For suing my girlfriend after she had my 1967 impala project taken to the scrapyard?,frxc1n5,0,,"NTA

I'd have called the police to file a report for theft, as well.",Grounded,
gr8bp3,AITA For suing my girlfriend after she had my 1967 impala project taken to the scrapyard?,frxcd0h,0,,"NTA at all!!! Get your money back, king. She is insane",Not Assessable,Too little substantive reasoning is provided to evaluate evidence grounding.
gr8bp3,AITA For suing my girlfriend after she had my 1967 impala project taken to the scrapyard?,frxbjul,0,,"NTA.  You should rephrase to suing my EX-gf!! She took something you loved that didn't belong to her and got rid of it because it didn't fit her needs, absolutely ridiculous.  It was your property in your house!! All this over a place for her to park.  Think about how selfish she is and hopefully you never get back with her.",Grounded,
gr8bp3,AITA For suing my girlfriend after she had my 1967 impala project taken to the scrapyard?,frxe0ww,0,,"Info: Did you manage to get it back from scrapyard? Your NTA, by the way.",Not Assessable,"Primarily a reaction, agreement, question, joke, or anecdote; there is not enough case-directed reasoning to assign a grounding level."
gr8bp3,AITA For suing my girlfriend after she had my 1967 impala project taken to the scrapyard?,frxeg00,1,frxe0ww,"no its all gone, i might be able to get a few odds and ends back but they sell lots of parts online and they're quick about getting new stuff online so its probably all across the US by now, body and chassis were almost certainly sold whole, cut up and sold as patches or just scrapped entirely. i am still looking into though",Partially Grounded,"Grounded core, but it adds a prediction or extrapolation that is not directly established by the available context."
gr8bp3,AITA For suing my girlfriend after she had my 1967 impala project taken to the scrapyard?,frxf0tm,2,frxeg00,"AAAAUUUUGGGGHHHH this is so awful. I’m so sorry!

Had she shown any other signs of being a goddamn monster or was this totally out of the blue?",Not Assessable,"Primarily a reaction, agreement, question, joke, or anecdote; there is not enough case-directed reasoning to assign a grounding level."
gr8bp3,AITA For suing my girlfriend after she had my 1967 impala project taken to the scrapyard?,frxjxjt,2,frxeg00,"Okay, you probably need to go after these guys. They took a car without a title, that was clearly surrounded by newly ordered parts. This is illegal in most states, and they shouldn't have even touched it. They knew what they did.",Partially Grounded,"Grounded core, but the specific legal conclusion or outcome goes beyond what the thread establishes and may depend on missing facts or jurisdiction."
gr8bp3,AITA For suing my girlfriend after she had my 1967 impala project taken to the scrapyard?,frxk65v,2,frxeg00,Yeah - you need to pursue charges against the company that took the car and parts. Who knows how many times this exact scenario has played out. For sure they get the parts online and sold quick - they know they are hot and want to get rid of the evidence. If they were sold online you can still get them back and it’s still a criminal offense to have the parts.,Speculative,"The main conclusion assumes the scrapyard's knowledge, intent, or actions without enough evidence in the thread."
gr8bp3,AITA For suing my girlfriend after she had my 1967 impala project taken to the scrapyard?,frxbmxr,0,,"NTA AT ALL. This is coming from me and my brothers (I read this to them). All of us agree that this is absolute bullshit from her and that she definitely needs to be taken to court. None of us could imagine this happening to ourselves. You’re not married, so she can’t claim ownership over anything. I’m sorry that you have to deal with this bullshit, I hope you can get your Impala back!",Partially Grounded,"Grounded core, but the specific legal conclusion or outcome goes beyond what the thread establishes and may depend on missing facts or jurisdiction."
gr8bp3,AITA For suing my girlfriend after she had my 1967 impala project taken to the scrapyard?,frxe952,0,,"NTA you failed her first ""test"". Congratulations.",Speculative,"The central claim depends on an unsupported explanation of authenticity, personality, or motive rather than evidence in the thread."
gr8bp3,AITA For suing my girlfriend after she had my 1967 impala project taken to the scrapyard?,frxj2pb,0,,"if her family wants to be all involved in her life, maybe they should have suggested she doesn’t sell the project her significant other has been spending a significant amount of time and money on. she’s not a child, it’s not like she had no understanding of what she was doing. even some children would have more respect than that 

NTA at all",Grounded,
gr8bp3,AITA For suing my girlfriend after she had my 1967 impala project taken to the scrapyard?,frxj9qd,1,frxj2pb,"to be somewhat fair I haven't been spending a lot of time or money on it recently, theres nothing i can do without first spending a lot of money and I wanted to save up a bit of money during this crisis in case i lost my job or something happened",Not Assessable,Primarily a factual update or conversational response rather than an argument whose grounding can be evaluated.
gr8bp3,AITA For suing my girlfriend after she had my 1967 impala project taken to the scrapyard?,frxkn5u,2,frxj9qd,"Clearly NTA.

And frankly, there's no need to try to ""be somewhat fair"" here. Point blank, it did not belong to her so she had ZERO right to do anything to it, period.

I've got over 10K comic books, but I haven't actively collected in years at this point. If a SO decided they didn't like how much space it takes up and told me they wanted the comics gone my answer would be ""nope""... and I can tell you right now, if I came home to find them gone there's a good chance I'd end up on the wrong side of prison bars for a while.

Just because you weren't ***actively*** working on it in that specific second of time... that does not mean it's somehow acceptable for her to ignore that you had already told her no and decide to trash your belongings. Others have said you definitely should sue, which I completely agree with, but I also agree with whomever it was that said to include the hours you put in to finding parts and working on it -- that has value too.

Edited to add: Someone else suggested calling the company that took the car: I agree! Have your attorney get in touch with them ASAP, chances are high that they have everything still. And if they hesitate to return any of it, your attorney can point out that technically they assisted in committing grand theft because they clearly didn't verify ownership of the vehicle before removing it, which makes the company and each person who was there that day complicit in a felony...",Grounded,
gr8bp3,AITA For suing my girlfriend after she had my 1967 impala project taken to the scrapyard?,frxe6yw,0,,"NTA... my husband would literally murder me if I did that, seriously, like with a wrench.",Not Assessable,Too little substantive reasoning is provided to evaluate evidence grounding.
gr8bp3,AITA For suing my girlfriend after she had my 1967 impala project taken to the scrapyard?,frxb41b,0,,Absolutely NTA. Wow. I can’t believe anyone is defending her. Fuck all of them!,Not Assessable,"Primarily a reaction, agreement, question, joke, or anecdote; there is not enough case-directed reasoning to assign a grounding level."
gr8bp3,AITA For suing my girlfriend after she had my 1967 impala project taken to the scrapyard?,frxb41s,0,,Nta that's not only rude but selfish and inconsiderate of her. Screw her and everyone that's giving you crap about it. To them it might just be a piece of junk but it was important to you. Definitely use her and make her learn a lesson.,Grounded,
gr8bp3,AITA For suing my girlfriend after she had my 1967 impala project taken to the scrapyard?,frxgnri,0,,"NTA. I'm really sorry this happened to you. Un-freaking-believable. 

Did you also call the police and file a police report? It might aid in getting your property returned to you. Also, make sure if you evict her you do so legally so that doesn't come back to bite you.",Grounded,
gr8bp3,AITA For suing my girlfriend after she had my 1967 impala project taken to the scrapyard?,frxh7z4,1,frxgnri,"I mean, she was never legally living with me i dont think. Im not sure of the laws but most of her stuff wasn't at my house mostly just clothes and makeup and stuff and her registered address like on her drivers license shows her parents address where she lived previously so i think im okay??",Partially Grounded,"Grounded core, but the specific legal conclusion or outcome goes beyond what the thread establishes and may depend on missing facts or jurisdiction."
gr8bp3,AITA For suing my girlfriend after she had my 1967 impala project taken to the scrapyard?,frxetj5,0,,"My husband has an old Datsun Ute that he bought when he was 17! Years later it’s still partially complete in our yard, and has moved houses with us twice, about to come with us again for a third move. 
It’s his passion project and it matters to me because it matters to him. 
Your gf has shown you how little she cares about your passions and therefore you. Kick her ass out, sue her for the money + damages and get yourself another car to work on!",Partially Grounded,"Relevant analogy or personal experience supports the point, but it does not establish case-specific facts."
gr8bp3,AITA For suing my girlfriend after she had my 1967 impala project taken to the scrapyard?,frxepfn,0,,"Oh my god I'm so angry. NTA. You need to be made whole, not just the 11K, but an equivalent car, regardless of the price. I don't know if things work that way, but I hope they do.

Update us once the lawyering happens.",Grounded,
gr8bp3,AITA For suing my girlfriend after she had my 1967 impala project taken to the scrapyard?,frxflyt,0,,"NTA - typing as a female who has no interest in cars, you don’t touch a restoration project. Sue her, she deserves it and to use your word, get your justice!",Grounded,
gr8bp3,AITA For suing my girlfriend after she had my 1967 impala project taken to the scrapyard?,frxn21e,0,,"NTA.

IANAL, took this from a legal website:

""Stealing a vehicle to then sell any part of it will likely constitute grand theft auto.

The following elements must be present for an individual to be convicted of grand theft auto:

1. The defendant took or drove the vehicle;

2. The vehicle was not the lawful property of the defendant;

3. The lawful owner of the vehicle did not give the defendant permission not consent to take or drive the vehicle; and

4. The defendant intended to permanently deprive the owner of their vehicle.""

File a police report. She needs to be arrested and charged. You can pursue BOTH criminal and civil charges, and you SHOULD pursue both.",Partially Grounded,"Grounded core, but the specific legal conclusion or outcome goes beyond what the thread establishes and may depend on missing facts or jurisdiction."
gr8bp3,AITA For suing my girlfriend after she had my 1967 impala project taken to the scrapyard?,frxc0sb,0,,NTA my husband's family works on cars and my husband is dying to be able to work on a car again In my opinion you should have called the police as well as sued her. She essentially stole your property.,Grounded,
gr8bp3,AITA For suing my girlfriend after she had my 1967 impala project taken to the scrapyard?,frxc2qk,0,,"NTA leave that girl. It’s not even her house and she’s been there for two months and got rid of your property! 

I’d be suing her and kicking her out. Her actions are not justified. 

They know she can’t afford it but block all calls and messages from anyone reaching out for her. You don’t need that in your life. 

Good luck and I know the money won’t make up for all the time and work you put into the car but I hope you get some justice and I hope she learns an old lesson...don’t touch things that arnt yours.",Grounded,
gr8bp3,AITA For suing my girlfriend after she had my 1967 impala project taken to the scrapyard?,frxat79,0,,"Absolutely NTA. Play stupid games, win stupid prizes.",Not Assessable,Too little substantive reasoning is provided to evaluate evidence grounding.
gr8bp3,AITA For suing my girlfriend after she had my 1967 impala project taken to the scrapyard?,frxaz8j,0,,NTA sue her,Not Assessable,Too little substantive reasoning is provided to evaluate evidence grounding.
gr8bp3,AITA For suing my girlfriend after she had my 1967 impala project taken to the scrapyard?,frxgar2,0,,"NTA, I don’t know much about cars but that one looks nice. Sorry it got thrown away :( .

Was there a reason why she didn’t wanna park outside? It just seems like no reason other than she wanted her car in there. Where I’m from we don’t really have parking garages much so I don’t see the urgency in why she really needed her car there.

Her family is blowing up your phone to let it go but your soon to be ex could have have let that parking garage go. What did she think was gonna happen when you came back to find your project gone?",Grounded,
gr8bp3,AITA For suing my girlfriend after she had my 1967 impala project taken to the scrapyard?,frxgs2g,1,frxgar2,"She always lived with her parents before she came to live with me and she was used to getting everything she wanted, her own parking spot in the garage being one. I guess maybe parking in the garage make her feel like she was home or something? I have no idea. The garage isn't even that nice tbh",Partially Grounded,"Grounded core, but it adds an unsupported inference about a person's motive, character, or likely behavior."
gr8bp3,AITA For suing my girlfriend after she had my 1967 impala project taken to the scrapyard?,frxh1mk,0,,"NTA, you should post this on r/entitledbitch",Not Assessable,Too little substantive reasoning is provided to evaluate evidence grounding.
gr8bp3,AITA For suing my girlfriend after she had my 1967 impala project taken to the scrapyard?,frxukbg,0,,"Is it just me or does this seem like a karma fishing trip? I mean this post is go grotesquely NTA and so bizarre, I find it very hard to believe anyone can do something so disrespectful. That, combined with all the awards and upvotes this post got.....",Speculative,"The central claim depends on an unsupported explanation of authenticity, personality, or motive rather than evidence in the thread."
gr8bp3,AITA For suing my girlfriend after she had my 1967 impala project taken to the scrapyard?,fry6b3r,0,,"Y T A.  
But only for misspelling ex-girlfriend in the title.   


I own several classic cars and that would kill me and the x would be out on the street that night with their stuff in the yard. Nta",Grounded,
gr8bp3,AITA For suing my girlfriend after she had my 1967 impala project taken to the scrapyard?,frxetzm,0,,NTA. Check with the police because your gf sold property that did not belong to her. Pretty sure that is illegal.,Grounded,
gr8bp3,AITA For suing my girlfriend after she had my 1967 impala project taken to the scrapyard?,frxn7tl,0,,"Hey! For legal reasons, maybe delete this post. Definitely check with your lawyer if its okay that you posted this. Probably totally fine, but check!!! Especially if it gains more traction.",Grounded,
gr8bp3,AITA For suing my girlfriend after she had my 1967 impala project taken to the scrapyard?,frxh1jx,0,,NTA - my heart broke will reading that. Can you get the car back somehow?,Not Assessable,Too little substantive reasoning is provided to evaluate evidence grounding.
gr8bp3,AITA For suing my girlfriend after she had my 1967 impala project taken to the scrapyard?,frxhnp1,1,frxh1jx,"not likely, but i hope so",Not Assessable,Too little substantive reasoning is provided to evaluate evidence grounding.
gr8bp3,AITA For suing my girlfriend after she had my 1967 impala project taken to the scrapyard?,frxet7w,0,,"NTA, her ability to repay or not has no bearing on the fact that she did something that caused you financial harm. If she didn’t want to be responsible for the cost of replacing it she shouldn’t have taken the risk of disposing of it without your consent.",Grounded,
gr8bp3,AITA For suing my girlfriend after she had my 1967 impala project taken to the scrapyard?,frxb3h9,0,,NTA. Sounds like you need to trade her in for a new gf - sounds like you dodged a bullet with her family and friends as well. Good luck.,Grounded,
gr8bp3,AITA For suing my girlfriend after she had my 1967 impala project taken to the scrapyard?,frxe34e,0,,"NTA. Sue her, kick her out, hit the gym, and try not to date a narcissist next time.",Speculative,"The central claim depends on an unsupported explanation of authenticity, personality, or motive rather than evidence in the thread."
gr8bp3,AITA For suing my girlfriend after she had my 1967 impala project taken to the scrapyard?,frxf3ig,0,,"NTA

Take her to court and win. 11k is an amount you can realistically get from her over the next 5-10 years, and hopefully you can start again. So sorry about your car. The level of entitlement she has... you two are not married and she had no ownership of the car, how did they even let her to give it to them with her name not being on the title? You might have cause for suing the scrapyard too.",Partially Grounded,"Grounded core, but the specific legal conclusion or outcome goes beyond what the thread establishes and may depend on missing facts or jurisdiction."
gr8bp3,AITA For suing my girlfriend after she had my 1967 impala project taken to the scrapyard?,frxggvf,0,,"I felt quite sick reading this. I'm a girl and for gods sake I'd never do this! I love cars but even if I didn't damn.. I hope you will manage to get back on track and continue working on the car you love!
NTA! 
Ps. If you offered several spots for her to park, including a barn to keep it out of the weather it was a completely deliberate decision she made! F... Her!",Grounded,
gr8bp3,AITA For suing my girlfriend after she had my 1967 impala project taken to the scrapyard?,frxghge,0,,"NTA clearly. But consider carefully whether the lawsuit is worth it. Does she have assets? Neve because if she doesn't you'll end up spending a ton of money and not have anything to show for it. If you've got the money to burn and you just want a judgement, go for it. Otherwise, it might be prudent to breakup and just walk away.",Grounded,
gr8bp3,AITA For suing my girlfriend after she had my 1967 impala project taken to the scrapyard?,frxc56t,0,,NTA. Please tell me you immediately broke up and kicked her out of your house.,Not Assessable,Too little substantive reasoning is provided to evaluate evidence grounding.
gr8bp3,AITA For suing my girlfriend after she had my 1967 impala project taken to the scrapyard?,frxbbxm,0,,NTA! Toss her out and sue her ass!,Not Assessable,Too little substantive reasoning is provided to evaluate evidence grounding.
